model,accuracy
RandomForest,0.9891304347826086
HistGradientBoosting,0.9782608695652174
SVM,0.967391304347826
LogisticRegression,0.9456521739130435
KNeighbors,0.8804347826086957
